{
  "login": {
    "descricao": "Autenticação simulada do usuário",
    "endpoint": "POST /login",
    "body": {
      "identificador": "joao.silva"
    },
    "resposta": {
      "sucesso": true,
      "nome": "João Silva",
      "identificador": "joao.silva"
    }
  },
  "cadastroProduto": {
    "descricao": "Cadastro de novo produto",
    "endpoint": "POST /produtos",
    "body": {
      "nome": "Detergente Líquido",
      "marca": "Limpol",
      "composicaoQuimica": "Tensoativos aniônicos, coadjuvantes, conservantes",
      "fragrancia": "Limão",
      "volume": "500ml",
      "tipoEmbalagem": "Plástico PET",
      "aplicacao": "Limpeza de louças e utensílios",
      "lote": "L20240115",
      "validade": "2026-01-15",
      "estoqueInicial": 100,
      "estoqueMinimo": 20
    },
    "resposta": {
      "sucesso": true,
      "produto": {
        "id": 1,
        "nome": "Detergente Líquido",
        "estoqueAtual": 100,
        "dataCadastro": "2024-01-15T10:30:00.000Z"
      }
    }
  },
  "listagemProdutos": {
    "descricao": "Listagem de produtos com filtros opcionais",
    "endpoint": "GET /produtos",
    "queryParams": {
      "nome": "detergente",
      "marca": "limpol",
      "apenasAbaixoMinimo": "true"
    },
    "resposta": {
      "sucesso": true,
      "total": 1,
      "produtos": []
    }
  },
  "detalhesProduto": {
    "descricao": "Detalhes de um produto específico",
    "endpoint": "GET /produtos/:id",
    "exemplo": "GET /produtos/1",
    "resposta": {
      "sucesso": true,
      "produto": {}
    }
  },
  "entradaEstoque": {
    "descricao": "Registrar entrada de estoque",
    "endpoint": "PUT /estoque/entrada",
    "body": {
      "produtoId": 1,
      "quantidade": 50,
      "responsavel": "João Silva",
      "observacao": "Compra mensal"
    },
    "resposta": {
      "sucesso": true,
      "produto": {
        "id": 1,
        "estoqueAtual": 150
      },
      "movimentacao": {
        "id": 1,
        "tipo": "entrada",
        "quantidade": 50
      }
    }
  },
  "saidaEstoque": {
    "descricao": "Registrar saída de estoque",
    "endpoint": "PUT /estoque/saida",
    "body": {
      "produtoId": 1,
      "quantidade": 30,
      "responsavel": "João Silva",
      "observacao": "Distribuição para setor de limpeza"
    },
    "resposta": {
      "sucesso": true,
      "produto": {
        "id": 1,
        "estoqueAtual": 120
      },
      "movimentacao": {
        "id": 2,
        "tipo": "saida",
        "quantidade": 30
      },
      "alerta": null
    }
  },
  "alertas": {
    "descricao": "Produtos com estoque abaixo do mínimo",
    "endpoint": "GET /alertas",
    "resposta": {
      "sucesso": true,
      "total": 2,
      "produtos": [
        {
          "id": 1,
          "nome": "Detergente Líquido",
          "estoqueAtual": 15,
          "estoqueMinimo": 20,
          "diferenca": 5
        }
      ]
    }
  },
  "movimentacoes": {
    "descricao": "Histórico de movimentações com filtros opcionais",
    "endpoint": "GET /movimentacoes",
    "queryParams": {
      "produtoId": "1",
      "tipo": "entrada",
      "dataInicio": "2024-01-01",
      "dataFim": "2024-12-31"
    },
    "resposta": {
      "sucesso": true,
      "total": 10,
      "movimentacoes": []
    }
  }
}
